{"cameraMode":{"drawMode":0,"name":"Shaded","section":"Shading Mode"},"sceneLighting":false,"audioPlay":false,"sceneViewState":{"showFog":true,"showMaterialUpdate":true,"showSkybox":true,"showFlares":true,"showImageEffects":true,"showParticleSystems":true},"in2DMode":false,"pivot":{"x":-61.44081497192383,"y":-28.838396072387697,"z":-1.5508310794830323},"rotation":{"x":0.14592304825782777,"y":-0.716232180595398,"z":0.1573907732963562,"w":0.664043128490448},"size":43.80208969116211,"orthographic":false}