{"cameraMode":{"drawMode":0,"name":"Shaded","section":"Shading Mode"},"sceneLighting":false,"audioPlay":false,"sceneViewState":{"showFog":true,"showMaterialUpdate":true,"showSkybox":true,"showFlares":true,"showImageEffects":true,"showParticleSystems":true},"in2DMode":false,"pivot":{"x":2.9581854343414308,"y":-27.494873046875,"z":17.507246017456056},"rotation":{"x":-0.5105352997779846,"y":0.003093142993748188,"z":-0.001836571842432022,"w":-0.859851062297821},"size":19.912004470825197,"orthographic":false}