{"cameraMode":{"drawMode":0,"name":"Shaded","section":"Shading Mode"},"sceneLighting":true,"audioPlay":false,"sceneViewState":{"m_AlwaysRefresh":false,"showFog":true,"showSkybox":true,"showFlares":true,"showImageEffects":true,"showParticleSystems":true,"showVisualEffectGraphs":true,"m_FxEnabled":true},"in2DMode":false,"pivot":{"x":-0.05347134917974472,"y":2.259791374206543,"z":2.3471806049346926},"rotation":{"x":-0.5014809966087341,"y":-0.0007809989037923515,"z":0.00045244916691444814,"w":-0.8651682138442993},"size":13.608617782592774,"orthographic":false}